{"minzoom":0,"maxzoom":8,"center":[37.265625,-14.603795,8.0],"bounds":[30.212154,-26.866438,40.840626,-10.472198]}