{"minzoom":0,"maxzoom":9,"center":[36.914063,-17.64371,9.0],"bounds":[30.212154,-26.866438,40.840626,-10.472198]}